lora_unet_blocks_0_cross_attn_k_proj,1024,2048
lora_unet_blocks_0_cross_attn_output_proj,2048,2048
lora_unet_blocks_0_cross_attn_q_proj,2048,2048
lora_unet_blocks_0_cross_attn_v_proj,1024,2048
lora_unet_blocks_0_mlp_layer1,2048,8192
lora_unet_blocks_0_mlp_layer2,8192,2048
lora_unet_blocks_0_self_attn_k_proj,2048,2048
lora_unet_blocks_0_self_attn_output_proj,2048,2048
lora_unet_blocks_0_self_attn_q_proj,2048,2048
lora_unet_blocks_0_self_attn_v_proj,2048,2048
lora_unet_blocks_10_cross_attn_k_proj,1024,2048
lora_unet_blocks_10_cross_attn_output_proj,2048,2048
lora_unet_blocks_10_cross_attn_q_proj,2048,2048
lora_unet_blocks_10_cross_attn_v_proj,1024,2048
lora_unet_blocks_10_mlp_layer1,2048,8192
lora_unet_blocks_10_mlp_layer2,8192,2048
lora_unet_blocks_10_self_attn_k_proj,2048,2048
lora_unet_blocks_10_self_attn_output_proj,2048,2048
lora_unet_blocks_10_self_attn_q_proj,2048,2048
lora_unet_blocks_10_self_attn_v_proj,2048,2048
lora_unet_blocks_11_cross_attn_k_proj,1024,2048
lora_unet_blocks_11_cross_attn_output_proj,2048,2048
lora_unet_blocks_11_cross_attn_q_proj,2048,2048
lora_unet_blocks_11_cross_attn_v_proj,1024,2048
lora_unet_blocks_11_mlp_layer1,2048,8192
lora_unet_blocks_11_mlp_layer2,8192,2048
lora_unet_blocks_11_self_attn_k_proj,2048,2048
lora_unet_blocks_11_self_attn_output_proj,2048,2048
lora_unet_blocks_11_self_attn_q_proj,2048,2048
lora_unet_blocks_11_self_attn_v_proj,2048,2048
lora_unet_blocks_12_cross_attn_k_proj,1024,2048
lora_unet_blocks_12_cross_attn_output_proj,2048,2048
lora_unet_blocks_12_cross_attn_q_proj,2048,2048
lora_unet_blocks_12_cross_attn_v_proj,1024,2048
lora_unet_blocks_12_mlp_layer1,2048,8192
lora_unet_blocks_12_mlp_layer2,8192,2048
lora_unet_blocks_12_self_attn_k_proj,2048,2048
lora_unet_blocks_12_self_attn_output_proj,2048,2048
lora_unet_blocks_12_self_attn_q_proj,2048,2048
lora_unet_blocks_12_self_attn_v_proj,2048,2048
lora_unet_blocks_13_cross_attn_k_proj,1024,2048
lora_unet_blocks_13_cross_attn_output_proj,2048,2048
lora_unet_blocks_13_cross_attn_q_proj,2048,2048
lora_unet_blocks_13_cross_attn_v_proj,1024,2048
lora_unet_blocks_13_mlp_layer1,2048,8192
lora_unet_blocks_13_mlp_layer2,8192,2048
lora_unet_blocks_13_self_attn_k_proj,2048,2048
lora_unet_blocks_13_self_attn_output_proj,2048,2048
lora_unet_blocks_13_self_attn_q_proj,2048,2048
lora_unet_blocks_13_self_attn_v_proj,2048,2048
lora_unet_blocks_14_cross_attn_k_proj,1024,2048
lora_unet_blocks_14_cross_attn_output_proj,2048,2048
lora_unet_blocks_14_cross_attn_q_proj,2048,2048
lora_unet_blocks_14_cross_attn_v_proj,1024,2048
lora_unet_blocks_14_mlp_layer1,2048,8192
lora_unet_blocks_14_mlp_layer2,8192,2048
lora_unet_blocks_14_self_attn_k_proj,2048,2048
lora_unet_blocks_14_self_attn_output_proj,2048,2048
lora_unet_blocks_14_self_attn_q_proj,2048,2048
lora_unet_blocks_14_self_attn_v_proj,2048,2048
lora_unet_blocks_15_cross_attn_k_proj,1024,2048
lora_unet_blocks_15_cross_attn_output_proj,2048,2048
lora_unet_blocks_15_cross_attn_q_proj,2048,2048
lora_unet_blocks_15_cross_attn_v_proj,1024,2048
lora_unet_blocks_15_mlp_layer1,2048,8192
lora_unet_blocks_15_mlp_layer2,8192,2048
lora_unet_blocks_15_self_attn_k_proj,2048,2048
lora_unet_blocks_15_self_attn_output_proj,2048,2048
lora_unet_blocks_15_self_attn_q_proj,2048,2048
lora_unet_blocks_15_self_attn_v_proj,2048,2048
lora_unet_blocks_16_cross_attn_k_proj,1024,2048
lora_unet_blocks_16_cross_attn_output_proj,2048,2048
lora_unet_blocks_16_cross_attn_q_proj,2048,2048
lora_unet_blocks_16_cross_attn_v_proj,1024,2048
lora_unet_blocks_16_mlp_layer1,2048,8192
lora_unet_blocks_16_mlp_layer2,8192,2048
lora_unet_blocks_16_self_attn_k_proj,2048,2048
lora_unet_blocks_16_self_attn_output_proj,2048,2048
lora_unet_blocks_16_self_attn_q_proj,2048,2048
lora_unet_blocks_16_self_attn_v_proj,2048,2048
lora_unet_blocks_17_cross_attn_k_proj,1024,2048
lora_unet_blocks_17_cross_attn_output_proj,2048,2048
lora_unet_blocks_17_cross_attn_q_proj,2048,2048
lora_unet_blocks_17_cross_attn_v_proj,1024,2048
lora_unet_blocks_17_mlp_layer1,2048,8192
lora_unet_blocks_17_mlp_layer2,8192,2048
lora_unet_blocks_17_self_attn_k_proj,2048,2048
lora_unet_blocks_17_self_attn_output_proj,2048,2048
lora_unet_blocks_17_self_attn_q_proj,2048,2048
lora_unet_blocks_17_self_attn_v_proj,2048,2048
lora_unet_blocks_18_cross_attn_k_proj,1024,2048
lora_unet_blocks_18_cross_attn_output_proj,2048,2048
lora_unet_blocks_18_cross_attn_q_proj,2048,2048
lora_unet_blocks_18_cross_attn_v_proj,1024,2048
lora_unet_blocks_18_mlp_layer1,2048,8192
lora_unet_blocks_18_mlp_layer2,8192,2048
lora_unet_blocks_18_self_attn_k_proj,2048,2048
lora_unet_blocks_18_self_attn_output_proj,2048,2048
lora_unet_blocks_18_self_attn_q_proj,2048,2048
lora_unet_blocks_18_self_attn_v_proj,2048,2048
lora_unet_blocks_19_cross_attn_k_proj,1024,2048
lora_unet_blocks_19_cross_attn_output_proj,2048,2048
lora_unet_blocks_19_cross_attn_q_proj,2048,2048
lora_unet_blocks_19_cross_attn_v_proj,1024,2048
lora_unet_blocks_19_mlp_layer1,2048,8192
lora_unet_blocks_19_mlp_layer2,8192,2048
lora_unet_blocks_19_self_attn_k_proj,2048,2048
lora_unet_blocks_19_self_attn_output_proj,2048,2048
lora_unet_blocks_19_self_attn_q_proj,2048,2048
lora_unet_blocks_19_self_attn_v_proj,2048,2048
lora_unet_blocks_1_cross_attn_k_proj,1024,2048
lora_unet_blocks_1_cross_attn_output_proj,2048,2048
lora_unet_blocks_1_cross_attn_q_proj,2048,2048
lora_unet_blocks_1_cross_attn_v_proj,1024,2048
lora_unet_blocks_1_mlp_layer1,2048,8192
lora_unet_blocks_1_mlp_layer2,8192,2048
lora_unet_blocks_1_self_attn_k_proj,2048,2048
lora_unet_blocks_1_self_attn_output_proj,2048,2048
lora_unet_blocks_1_self_attn_q_proj,2048,2048
lora_unet_blocks_1_self_attn_v_proj,2048,2048
lora_unet_blocks_20_cross_attn_k_proj,1024,2048
lora_unet_blocks_20_cross_attn_output_proj,2048,2048
lora_unet_blocks_20_cross_attn_q_proj,2048,2048
lora_unet_blocks_20_cross_attn_v_proj,1024,2048
lora_unet_blocks_20_mlp_layer1,2048,8192
lora_unet_blocks_20_mlp_layer2,8192,2048
lora_unet_blocks_20_self_attn_k_proj,2048,2048
lora_unet_blocks_20_self_attn_output_proj,2048,2048
lora_unet_blocks_20_self_attn_q_proj,2048,2048
lora_unet_blocks_20_self_attn_v_proj,2048,2048
lora_unet_blocks_21_cross_attn_k_proj,1024,2048
lora_unet_blocks_21_cross_attn_output_proj,2048,2048
lora_unet_blocks_21_cross_attn_q_proj,2048,2048
lora_unet_blocks_21_cross_attn_v_proj,1024,2048
lora_unet_blocks_21_mlp_layer1,2048,8192
lora_unet_blocks_21_mlp_layer2,8192,2048
lora_unet_blocks_21_self_attn_k_proj,2048,2048
lora_unet_blocks_21_self_attn_output_proj,2048,2048
lora_unet_blocks_21_self_attn_q_proj,2048,2048
lora_unet_blocks_21_self_attn_v_proj,2048,2048
lora_unet_blocks_22_cross_attn_k_proj,1024,2048
lora_unet_blocks_22_cross_attn_output_proj,2048,2048
lora_unet_blocks_22_cross_attn_q_proj,2048,2048
lora_unet_blocks_22_cross_attn_v_proj,1024,2048
lora_unet_blocks_22_mlp_layer1,2048,8192
lora_unet_blocks_22_mlp_layer2,8192,2048
lora_unet_blocks_22_self_attn_k_proj,2048,2048
lora_unet_blocks_22_self_attn_output_proj,2048,2048
lora_unet_blocks_22_self_attn_q_proj,2048,2048
lora_unet_blocks_22_self_attn_v_proj,2048,2048
lora_unet_blocks_23_cross_attn_k_proj,1024,2048
lora_unet_blocks_23_cross_attn_output_proj,2048,2048
lora_unet_blocks_23_cross_attn_q_proj,2048,2048
lora_unet_blocks_23_cross_attn_v_proj,1024,2048
lora_unet_blocks_23_mlp_layer1,2048,8192
lora_unet_blocks_23_mlp_layer2,8192,2048
lora_unet_blocks_23_self_attn_k_proj,2048,2048
lora_unet_blocks_23_self_attn_output_proj,2048,2048
lora_unet_blocks_23_self_attn_q_proj,2048,2048
lora_unet_blocks_23_self_attn_v_proj,2048,2048
lora_unet_blocks_24_cross_attn_k_proj,1024,2048
lora_unet_blocks_24_cross_attn_output_proj,2048,2048
lora_unet_blocks_24_cross_attn_q_proj,2048,2048
lora_unet_blocks_24_cross_attn_v_proj,1024,2048
lora_unet_blocks_24_mlp_layer1,2048,8192
lora_unet_blocks_24_mlp_layer2,8192,2048
lora_unet_blocks_24_self_attn_k_proj,2048,2048
lora_unet_blocks_24_self_attn_output_proj,2048,2048
lora_unet_blocks_24_self_attn_q_proj,2048,2048
lora_unet_blocks_24_self_attn_v_proj,2048,2048
lora_unet_blocks_25_cross_attn_k_proj,1024,2048
lora_unet_blocks_25_cross_attn_output_proj,2048,2048
lora_unet_blocks_25_cross_attn_q_proj,2048,2048
lora_unet_blocks_25_cross_attn_v_proj,1024,2048
lora_unet_blocks_25_mlp_layer1,2048,8192
lora_unet_blocks_25_mlp_layer2,8192,2048
lora_unet_blocks_25_self_attn_k_proj,2048,2048
lora_unet_blocks_25_self_attn_output_proj,2048,2048
lora_unet_blocks_25_self_attn_q_proj,2048,2048
lora_unet_blocks_25_self_attn_v_proj,2048,2048
lora_unet_blocks_26_cross_attn_k_proj,1024,2048
lora_unet_blocks_26_cross_attn_output_proj,2048,2048
lora_unet_blocks_26_cross_attn_q_proj,2048,2048
lora_unet_blocks_26_cross_attn_v_proj,1024,2048
lora_unet_blocks_26_mlp_layer1,2048,8192
lora_unet_blocks_26_mlp_layer2,8192,2048
lora_unet_blocks_26_self_attn_k_proj,2048,2048
lora_unet_blocks_26_self_attn_output_proj,2048,2048
lora_unet_blocks_26_self_attn_q_proj,2048,2048
lora_unet_blocks_26_self_attn_v_proj,2048,2048
lora_unet_blocks_27_cross_attn_k_proj,1024,2048
lora_unet_blocks_27_cross_attn_output_proj,2048,2048
lora_unet_blocks_27_cross_attn_q_proj,2048,2048
lora_unet_blocks_27_cross_attn_v_proj,1024,2048
lora_unet_blocks_27_mlp_layer1,2048,8192
lora_unet_blocks_27_mlp_layer2,8192,2048
lora_unet_blocks_27_self_attn_k_proj,2048,2048
lora_unet_blocks_27_self_attn_output_proj,2048,2048
lora_unet_blocks_27_self_attn_q_proj,2048,2048
lora_unet_blocks_27_self_attn_v_proj,2048,2048
lora_unet_blocks_2_cross_attn_k_proj,1024,2048
lora_unet_blocks_2_cross_attn_output_proj,2048,2048
lora_unet_blocks_2_cross_attn_q_proj,2048,2048
lora_unet_blocks_2_cross_attn_v_proj,1024,2048
lora_unet_blocks_2_mlp_layer1,2048,8192
lora_unet_blocks_2_mlp_layer2,8192,2048
lora_unet_blocks_2_self_attn_k_proj,2048,2048
lora_unet_blocks_2_self_attn_output_proj,2048,2048
lora_unet_blocks_2_self_attn_q_proj,2048,2048
lora_unet_blocks_2_self_attn_v_proj,2048,2048
lora_unet_blocks_3_cross_attn_k_proj,1024,2048
lora_unet_blocks_3_cross_attn_output_proj,2048,2048
lora_unet_blocks_3_cross_attn_q_proj,2048,2048
lora_unet_blocks_3_cross_attn_v_proj,1024,2048
lora_unet_blocks_3_mlp_layer1,2048,8192
lora_unet_blocks_3_mlp_layer2,8192,2048
lora_unet_blocks_3_self_attn_k_proj,2048,2048
lora_unet_blocks_3_self_attn_output_proj,2048,2048
lora_unet_blocks_3_self_attn_q_proj,2048,2048
lora_unet_blocks_3_self_attn_v_proj,2048,2048
lora_unet_blocks_4_cross_attn_k_proj,1024,2048
lora_unet_blocks_4_cross_attn_output_proj,2048,2048
lora_unet_blocks_4_cross_attn_q_proj,2048,2048
lora_unet_blocks_4_cross_attn_v_proj,1024,2048
lora_unet_blocks_4_mlp_layer1,2048,8192
lora_unet_blocks_4_mlp_layer2,8192,2048
lora_unet_blocks_4_self_attn_k_proj,2048,2048
lora_unet_blocks_4_self_attn_output_proj,2048,2048
lora_unet_blocks_4_self_attn_q_proj,2048,2048
lora_unet_blocks_4_self_attn_v_proj,2048,2048
lora_unet_blocks_5_cross_attn_k_proj,1024,2048
lora_unet_blocks_5_cross_attn_output_proj,2048,2048
lora_unet_blocks_5_cross_attn_q_proj,2048,2048
lora_unet_blocks_5_cross_attn_v_proj,1024,2048
lora_unet_blocks_5_mlp_layer1,2048,8192
lora_unet_blocks_5_mlp_layer2,8192,2048
lora_unet_blocks_5_self_attn_k_proj,2048,2048
lora_unet_blocks_5_self_attn_output_proj,2048,2048
lora_unet_blocks_5_self_attn_q_proj,2048,2048
lora_unet_blocks_5_self_attn_v_proj,2048,2048
lora_unet_blocks_6_cross_attn_k_proj,1024,2048
lora_unet_blocks_6_cross_attn_output_proj,2048,2048
lora_unet_blocks_6_cross_attn_q_proj,2048,2048
lora_unet_blocks_6_cross_attn_v_proj,1024,2048
lora_unet_blocks_6_mlp_layer1,2048,8192
lora_unet_blocks_6_mlp_layer2,8192,2048
lora_unet_blocks_6_self_attn_k_proj,2048,2048
lora_unet_blocks_6_self_attn_output_proj,2048,2048
lora_unet_blocks_6_self_attn_q_proj,2048,2048
lora_unet_blocks_6_self_attn_v_proj,2048,2048
lora_unet_blocks_7_cross_attn_k_proj,1024,2048
lora_unet_blocks_7_cross_attn_output_proj,2048,2048
lora_unet_blocks_7_cross_attn_q_proj,2048,2048
lora_unet_blocks_7_cross_attn_v_proj,1024,2048
lora_unet_blocks_7_mlp_layer1,2048,8192
lora_unet_blocks_7_mlp_layer2,8192,2048
lora_unet_blocks_7_self_attn_k_proj,2048,2048
lora_unet_blocks_7_self_attn_output_proj,2048,2048
lora_unet_blocks_7_self_attn_q_proj,2048,2048
lora_unet_blocks_7_self_attn_v_proj,2048,2048
lora_unet_blocks_8_cross_attn_k_proj,1024,2048
lora_unet_blocks_8_cross_attn_output_proj,2048,2048
lora_unet_blocks_8_cross_attn_q_proj,2048,2048
lora_unet_blocks_8_cross_attn_v_proj,1024,2048
lora_unet_blocks_8_mlp_layer1,2048,8192
lora_unet_blocks_8_mlp_layer2,8192,2048
lora_unet_blocks_8_self_attn_k_proj,2048,2048
lora_unet_blocks_8_self_attn_output_proj,2048,2048
lora_unet_blocks_8_self_attn_q_proj,2048,2048
lora_unet_blocks_8_self_attn_v_proj,2048,2048
lora_unet_blocks_9_cross_attn_k_proj,1024,2048
lora_unet_blocks_9_cross_attn_output_proj,2048,2048
lora_unet_blocks_9_cross_attn_q_proj,2048,2048
lora_unet_blocks_9_cross_attn_v_proj,1024,2048
lora_unet_blocks_9_mlp_layer1,2048,8192
lora_unet_blocks_9_mlp_layer2,8192,2048
lora_unet_blocks_9_self_attn_k_proj,2048,2048
lora_unet_blocks_9_self_attn_output_proj,2048,2048
lora_unet_blocks_9_self_attn_q_proj,2048,2048
lora_unet_blocks_9_self_attn_v_proj,2048,2048
