diffusion_model.blocks.0.attn.gate,6144,6144
diffusion_model.blocks.0.attn.wk,6144,1536
diffusion_model.blocks.0.attn.wo,6144,6144
diffusion_model.blocks.0.attn.wq,6144,6144
diffusion_model.blocks.0.attn.wv,6144,1536
diffusion_model.blocks.0.mlp.down,16384,6144
diffusion_model.blocks.0.mlp.gate,6144,16384
diffusion_model.blocks.0.mlp.up,6144,16384
diffusion_model.blocks.1.attn.gate,6144,6144
diffusion_model.blocks.1.attn.wk,6144,1536
diffusion_model.blocks.1.attn.wo,6144,6144
diffusion_model.blocks.1.attn.wq,6144,6144
diffusion_model.blocks.1.attn.wv,6144,1536
diffusion_model.blocks.1.mlp.down,16384,6144
diffusion_model.blocks.1.mlp.gate,6144,16384
diffusion_model.blocks.1.mlp.up,6144,16384
diffusion_model.blocks.10.attn.gate,6144,6144
diffusion_model.blocks.10.attn.wk,6144,1536
diffusion_model.blocks.10.attn.wo,6144,6144
diffusion_model.blocks.10.attn.wq,6144,6144
diffusion_model.blocks.10.attn.wv,6144,1536
diffusion_model.blocks.10.mlp.down,16384,6144
diffusion_model.blocks.10.mlp.gate,6144,16384
diffusion_model.blocks.10.mlp.up,6144,16384
diffusion_model.blocks.11.attn.gate,6144,6144
diffusion_model.blocks.11.attn.wk,6144,1536
diffusion_model.blocks.11.attn.wo,6144,6144
diffusion_model.blocks.11.attn.wq,6144,6144
diffusion_model.blocks.11.attn.wv,6144,1536
diffusion_model.blocks.11.mlp.down,16384,6144
diffusion_model.blocks.11.mlp.gate,6144,16384
diffusion_model.blocks.11.mlp.up,6144,16384
diffusion_model.blocks.12.attn.gate,6144,6144
diffusion_model.blocks.12.attn.wk,6144,1536
diffusion_model.blocks.12.attn.wo,6144,6144
diffusion_model.blocks.12.attn.wq,6144,6144
diffusion_model.blocks.12.attn.wv,6144,1536
diffusion_model.blocks.12.mlp.down,16384,6144
diffusion_model.blocks.12.mlp.gate,6144,16384
diffusion_model.blocks.12.mlp.up,6144,16384
diffusion_model.blocks.13.attn.gate,6144,6144
diffusion_model.blocks.13.attn.wk,6144,1536
diffusion_model.blocks.13.attn.wo,6144,6144
diffusion_model.blocks.13.attn.wq,6144,6144
diffusion_model.blocks.13.attn.wv,6144,1536
diffusion_model.blocks.13.mlp.down,16384,6144
diffusion_model.blocks.13.mlp.gate,6144,16384
diffusion_model.blocks.13.mlp.up,6144,16384
diffusion_model.blocks.14.attn.gate,6144,6144
diffusion_model.blocks.14.attn.wk,6144,1536
diffusion_model.blocks.14.attn.wo,6144,6144
diffusion_model.blocks.14.attn.wq,6144,6144
diffusion_model.blocks.14.attn.wv,6144,1536
diffusion_model.blocks.14.mlp.down,16384,6144
diffusion_model.blocks.14.mlp.gate,6144,16384
diffusion_model.blocks.14.mlp.up,6144,16384
diffusion_model.blocks.15.attn.gate,6144,6144
diffusion_model.blocks.15.attn.wk,6144,1536
diffusion_model.blocks.15.attn.wo,6144,6144
diffusion_model.blocks.15.attn.wq,6144,6144
diffusion_model.blocks.15.attn.wv,6144,1536
diffusion_model.blocks.15.mlp.down,16384,6144
diffusion_model.blocks.15.mlp.gate,6144,16384
diffusion_model.blocks.15.mlp.up,6144,16384
diffusion_model.blocks.16.attn.gate,6144,6144
diffusion_model.blocks.16.attn.wk,6144,1536
diffusion_model.blocks.16.attn.wo,6144,6144
diffusion_model.blocks.16.attn.wq,6144,6144
diffusion_model.blocks.16.attn.wv,6144,1536
diffusion_model.blocks.16.mlp.down,16384,6144
diffusion_model.blocks.16.mlp.gate,6144,16384
diffusion_model.blocks.16.mlp.up,6144,16384
diffusion_model.blocks.17.attn.gate,6144,6144
diffusion_model.blocks.17.attn.wk,6144,1536
diffusion_model.blocks.17.attn.wo,6144,6144
diffusion_model.blocks.17.attn.wq,6144,6144
diffusion_model.blocks.17.attn.wv,6144,1536
diffusion_model.blocks.17.mlp.down,16384,6144
diffusion_model.blocks.17.mlp.gate,6144,16384
diffusion_model.blocks.17.mlp.up,6144,16384
diffusion_model.blocks.18.attn.gate,6144,6144
diffusion_model.blocks.18.attn.wk,6144,1536
diffusion_model.blocks.18.attn.wo,6144,6144
diffusion_model.blocks.18.attn.wq,6144,6144
diffusion_model.blocks.18.attn.wv,6144,1536
diffusion_model.blocks.18.mlp.down,16384,6144
diffusion_model.blocks.18.mlp.gate,6144,16384
diffusion_model.blocks.18.mlp.up,6144,16384
diffusion_model.blocks.19.attn.gate,6144,6144
diffusion_model.blocks.19.attn.wk,6144,1536
diffusion_model.blocks.19.attn.wo,6144,6144
diffusion_model.blocks.19.attn.wq,6144,6144
diffusion_model.blocks.19.attn.wv,6144,1536
diffusion_model.blocks.19.mlp.down,16384,6144
diffusion_model.blocks.19.mlp.gate,6144,16384
diffusion_model.blocks.19.mlp.up,6144,16384
diffusion_model.blocks.2.attn.gate,6144,6144
diffusion_model.blocks.2.attn.wk,6144,1536
diffusion_model.blocks.2.attn.wo,6144,6144
diffusion_model.blocks.2.attn.wq,6144,6144
diffusion_model.blocks.2.attn.wv,6144,1536
diffusion_model.blocks.2.mlp.down,16384,6144
diffusion_model.blocks.2.mlp.gate,6144,16384
diffusion_model.blocks.2.mlp.up,6144,16384
diffusion_model.blocks.20.attn.gate,6144,6144
diffusion_model.blocks.20.attn.wk,6144,1536
diffusion_model.blocks.20.attn.wo,6144,6144
diffusion_model.blocks.20.attn.wq,6144,6144
diffusion_model.blocks.20.attn.wv,6144,1536
diffusion_model.blocks.20.mlp.down,16384,6144
diffusion_model.blocks.20.mlp.gate,6144,16384
diffusion_model.blocks.20.mlp.up,6144,16384
diffusion_model.blocks.21.attn.gate,6144,6144
diffusion_model.blocks.21.attn.wk,6144,1536
diffusion_model.blocks.21.attn.wo,6144,6144
diffusion_model.blocks.21.attn.wq,6144,6144
diffusion_model.blocks.21.attn.wv,6144,1536
diffusion_model.blocks.21.mlp.down,16384,6144
diffusion_model.blocks.21.mlp.gate,6144,16384
diffusion_model.blocks.21.mlp.up,6144,16384
diffusion_model.blocks.22.attn.gate,6144,6144
diffusion_model.blocks.22.attn.wk,6144,1536
diffusion_model.blocks.22.attn.wo,6144,6144
diffusion_model.blocks.22.attn.wq,6144,6144
diffusion_model.blocks.22.attn.wv,6144,1536
diffusion_model.blocks.22.mlp.down,16384,6144
diffusion_model.blocks.22.mlp.gate,6144,16384
diffusion_model.blocks.22.mlp.up,6144,16384
diffusion_model.blocks.23.attn.gate,6144,6144
diffusion_model.blocks.23.attn.wk,6144,1536
diffusion_model.blocks.23.attn.wo,6144,6144
diffusion_model.blocks.23.attn.wq,6144,6144
diffusion_model.blocks.23.attn.wv,6144,1536
diffusion_model.blocks.23.mlp.down,16384,6144
diffusion_model.blocks.23.mlp.gate,6144,16384
diffusion_model.blocks.23.mlp.up,6144,16384
diffusion_model.blocks.24.attn.gate,6144,6144
diffusion_model.blocks.24.attn.wk,6144,1536
diffusion_model.blocks.24.attn.wo,6144,6144
diffusion_model.blocks.24.attn.wq,6144,6144
diffusion_model.blocks.24.attn.wv,6144,1536
diffusion_model.blocks.24.mlp.down,16384,6144
diffusion_model.blocks.24.mlp.gate,6144,16384
diffusion_model.blocks.24.mlp.up,6144,16384
diffusion_model.blocks.25.attn.gate,6144,6144
diffusion_model.blocks.25.attn.wk,6144,1536
diffusion_model.blocks.25.attn.wo,6144,6144
diffusion_model.blocks.25.attn.wq,6144,6144
diffusion_model.blocks.25.attn.wv,6144,1536
diffusion_model.blocks.25.mlp.down,16384,6144
diffusion_model.blocks.25.mlp.gate,6144,16384
diffusion_model.blocks.25.mlp.up,6144,16384
diffusion_model.blocks.26.attn.gate,6144,6144
diffusion_model.blocks.26.attn.wk,6144,1536
diffusion_model.blocks.26.attn.wo,6144,6144
diffusion_model.blocks.26.attn.wq,6144,6144
diffusion_model.blocks.26.attn.wv,6144,1536
diffusion_model.blocks.26.mlp.down,16384,6144
diffusion_model.blocks.26.mlp.gate,6144,16384
diffusion_model.blocks.26.mlp.up,6144,16384
diffusion_model.blocks.27.attn.gate,6144,6144
diffusion_model.blocks.27.attn.wk,6144,1536
diffusion_model.blocks.27.attn.wo,6144,6144
diffusion_model.blocks.27.attn.wq,6144,6144
diffusion_model.blocks.27.attn.wv,6144,1536
diffusion_model.blocks.27.mlp.down,16384,6144
diffusion_model.blocks.27.mlp.gate,6144,16384
diffusion_model.blocks.27.mlp.up,6144,16384
diffusion_model.blocks.3.attn.gate,6144,6144
diffusion_model.blocks.3.attn.wk,6144,1536
diffusion_model.blocks.3.attn.wo,6144,6144
diffusion_model.blocks.3.attn.wq,6144,6144
diffusion_model.blocks.3.attn.wv,6144,1536
diffusion_model.blocks.3.mlp.down,16384,6144
diffusion_model.blocks.3.mlp.gate,6144,16384
diffusion_model.blocks.3.mlp.up,6144,16384
diffusion_model.blocks.4.attn.gate,6144,6144
diffusion_model.blocks.4.attn.wk,6144,1536
diffusion_model.blocks.4.attn.wo,6144,6144
diffusion_model.blocks.4.attn.wq,6144,6144
diffusion_model.blocks.4.attn.wv,6144,1536
diffusion_model.blocks.4.mlp.down,16384,6144
diffusion_model.blocks.4.mlp.gate,6144,16384
diffusion_model.blocks.4.mlp.up,6144,16384
diffusion_model.blocks.5.attn.gate,6144,6144
diffusion_model.blocks.5.attn.wk,6144,1536
diffusion_model.blocks.5.attn.wo,6144,6144
diffusion_model.blocks.5.attn.wq,6144,6144
diffusion_model.blocks.5.attn.wv,6144,1536
diffusion_model.blocks.5.mlp.down,16384,6144
diffusion_model.blocks.5.mlp.gate,6144,16384
diffusion_model.blocks.5.mlp.up,6144,16384
diffusion_model.blocks.6.attn.gate,6144,6144
diffusion_model.blocks.6.attn.wk,6144,1536
diffusion_model.blocks.6.attn.wo,6144,6144
diffusion_model.blocks.6.attn.wq,6144,6144
diffusion_model.blocks.6.attn.wv,6144,1536
diffusion_model.blocks.6.mlp.down,16384,6144
diffusion_model.blocks.6.mlp.gate,6144,16384
diffusion_model.blocks.6.mlp.up,6144,16384
diffusion_model.blocks.7.attn.gate,6144,6144
diffusion_model.blocks.7.attn.wk,6144,1536
diffusion_model.blocks.7.attn.wo,6144,6144
diffusion_model.blocks.7.attn.wq,6144,6144
diffusion_model.blocks.7.attn.wv,6144,1536
diffusion_model.blocks.7.mlp.down,16384,6144
diffusion_model.blocks.7.mlp.gate,6144,16384
diffusion_model.blocks.7.mlp.up,6144,16384
diffusion_model.blocks.8.attn.gate,6144,6144
diffusion_model.blocks.8.attn.wk,6144,1536
diffusion_model.blocks.8.attn.wo,6144,6144
diffusion_model.blocks.8.attn.wq,6144,6144
diffusion_model.blocks.8.attn.wv,6144,1536
diffusion_model.blocks.8.mlp.down,16384,6144
diffusion_model.blocks.8.mlp.gate,6144,16384
diffusion_model.blocks.8.mlp.up,6144,16384
diffusion_model.blocks.9.attn.gate,6144,6144
diffusion_model.blocks.9.attn.wk,6144,1536
diffusion_model.blocks.9.attn.wo,6144,6144
diffusion_model.blocks.9.attn.wq,6144,6144
diffusion_model.blocks.9.attn.wv,6144,1536
diffusion_model.blocks.9.mlp.down,16384,6144
diffusion_model.blocks.9.mlp.gate,6144,16384
diffusion_model.blocks.9.mlp.up,6144,16384
diffusion_model.txtfusion.layerwise_blocks.0.attn.gate,2560,2560
diffusion_model.txtfusion.layerwise_blocks.0.attn.wk,2560,2560
diffusion_model.txtfusion.layerwise_blocks.0.attn.wo,2560,2560
diffusion_model.txtfusion.layerwise_blocks.0.attn.wq,2560,2560
diffusion_model.txtfusion.layerwise_blocks.0.attn.wv,2560,2560
diffusion_model.txtfusion.layerwise_blocks.0.mlp.down,6912,2560
diffusion_model.txtfusion.layerwise_blocks.0.mlp.gate,2560,6912
diffusion_model.txtfusion.layerwise_blocks.0.mlp.up,2560,6912
diffusion_model.txtfusion.layerwise_blocks.1.attn.gate,2560,2560
diffusion_model.txtfusion.layerwise_blocks.1.attn.wk,2560,2560
diffusion_model.txtfusion.layerwise_blocks.1.attn.wo,2560,2560
diffusion_model.txtfusion.layerwise_blocks.1.attn.wq,2560,2560
diffusion_model.txtfusion.layerwise_blocks.1.attn.wv,2560,2560
diffusion_model.txtfusion.layerwise_blocks.1.mlp.down,6912,2560
diffusion_model.txtfusion.layerwise_blocks.1.mlp.gate,2560,6912
diffusion_model.txtfusion.layerwise_blocks.1.mlp.up,2560,6912
diffusion_model.txtfusion.refiner_blocks.0.attn.gate,2560,2560
diffusion_model.txtfusion.refiner_blocks.0.attn.wk,2560,2560
diffusion_model.txtfusion.refiner_blocks.0.attn.wo,2560,2560
diffusion_model.txtfusion.refiner_blocks.0.attn.wq,2560,2560
diffusion_model.txtfusion.refiner_blocks.0.attn.wv,2560,2560
diffusion_model.txtfusion.refiner_blocks.0.mlp.down,6912,2560
diffusion_model.txtfusion.refiner_blocks.0.mlp.gate,2560,6912
diffusion_model.txtfusion.refiner_blocks.0.mlp.up,2560,6912
diffusion_model.txtfusion.refiner_blocks.1.attn.gate,2560,2560
diffusion_model.txtfusion.refiner_blocks.1.attn.wk,2560,2560
diffusion_model.txtfusion.refiner_blocks.1.attn.wo,2560,2560
diffusion_model.txtfusion.refiner_blocks.1.attn.wq,2560,2560
diffusion_model.txtfusion.refiner_blocks.1.attn.wv,2560,2560
diffusion_model.txtfusion.refiner_blocks.1.mlp.down,6912,2560
diffusion_model.txtfusion.refiner_blocks.1.mlp.gate,2560,6912
diffusion_model.txtfusion.refiner_blocks.1.mlp.up,2560,6912